channel,t_exponent,p_exponent,t_offset,p_offset,n_subjects,subjects_included
AF3,1.0155532290729397,0.31437092684139695,2.40923158340191,0.019425911626838988,55,"sub-07,sub-13,sub-14,sub-15,sub-17,sub-18,sub-19,sub-20,sub-21,sub-22,sub-23,sub-24,sub-25,sub-27,sub-28,sub-29,sub-30,sub-31,sub-32,sub-33,sub-34,sub-35,sub-36,sub-37,sub-38,sub-39,sub-41,sub-42,sub-43,sub-44,sub-45,sub-46,sub-47,sub-48,sub-49,sub-50,sub-51,sub-52,sub-53,sub-54,sub-55,sub-56,sub-57,sub-59,sub-60,sub-61,sub-62,sub-63,sub-64,sub-65,sub-66,sub-67,sub-68,sub-70,sub-71"
AF4,0.8698290114375863,0.38839141586245174,1.783157520317526,0.08039775630538179,53,"sub-07,sub-13,sub-14,sub-15,sub-17,sub-18,sub-19,sub-20,sub-21,sub-22,sub-23,sub-24,sub-25,sub-27,sub-28,sub-29,sub-30,sub-31,sub-32,sub-33,sub-34,sub-35,sub-36,sub-37,sub-38,sub-39,sub-41,sub-42,sub-43,sub-45,sub-46,sub-47,sub-48,sub-50,sub-51,sub-52,sub-53,sub-54,sub-55,sub-56,sub-57,sub-59,sub-60,sub-61,sub-62,sub-63,sub-64,sub-65,sub-66,sub-67,sub-68,sub-70,sub-71"
AF7,0.7854371166717692,0.43563006468597176,2.16128233452325,0.035125772717115096,55,"sub-07,sub-13,sub-14,sub-15,sub-17,sub-18,sub-19,sub-20,sub-21,sub-22,sub-23,sub-24,sub-25,sub-27,sub-28,sub-29,sub-30,sub-31,sub-32,sub-33,sub-34,sub-35,sub-36,sub-37,sub-38,sub-39,sub-41,sub-42,sub-43,sub-44,sub-45,sub-46,sub-47,sub-48,sub-49,sub-50,sub-51,sub-52,sub-53,sub-54,sub-55,sub-56,sub-57,sub-59,sub-60,sub-61,sub-62,sub-63,sub-64,sub-65,sub-66,sub-67,sub-68,sub-70,sub-71"
AF8,0.12374231419550989,0.9019787580898262,1.0695287918454244,0.28958904365692345,55,"sub-07,sub-13,sub-14,sub-15,sub-17,sub-18,sub-19,sub-20,sub-21,sub-22,sub-23,sub-24,sub-25,sub-27,sub-28,sub-29,sub-30,sub-31,sub-32,sub-33,sub-34,sub-35,sub-36,sub-37,sub-38,sub-39,sub-41,sub-42,sub-43,sub-44,sub-45,sub-46,sub-47,sub-48,sub-49,sub-50,sub-51,sub-52,sub-53,sub-54,sub-55,sub-56,sub-57,sub-59,sub-60,sub-61,sub-62,sub-63,sub-64,sub-65,sub-66,sub-67,sub-68,sub-70,sub-71"
C1,0.1578603674789962,0.8751667422641796,-0.019374340633904752,0.9846152347642911,54,"sub-07,sub-13,sub-14,sub-15,sub-17,sub-18,sub-19,sub-20,sub-21,sub-22,sub-23,sub-24,sub-25,sub-27,sub-28,sub-29,sub-30,sub-31,sub-32,sub-33,sub-34,sub-35,sub-36,sub-37,sub-38,sub-39,sub-41,sub-42,sub-43,sub-45,sub-46,sub-47,sub-48,sub-49,sub-50,sub-51,sub-52,sub-53,sub-54,sub-55,sub-56,sub-57,sub-59,sub-60,sub-61,sub-62,sub-63,sub-64,sub-65,sub-66,sub-67,sub-68,sub-70,sub-71"
C2,-0.5866537709377366,0.5599268690310002,-0.2565160013773633,0.7985455564209395,54,"sub-07,sub-13,sub-14,sub-15,sub-17,sub-18,sub-19,sub-20,sub-21,sub-22,sub-23,sub-24,sub-25,sub-27,sub-28,sub-29,sub-30,sub-31,sub-32,sub-33,sub-34,sub-35,sub-36,sub-37,sub-38,sub-39,sub-41,sub-42,sub-43,sub-45,sub-46,sub-47,sub-48,sub-49,sub-50,sub-51,sub-52,sub-53,sub-54,sub-55,sub-56,sub-57,sub-59,sub-60,sub-61,sub-62,sub-63,sub-64,sub-65,sub-66,sub-67,sub-68,sub-70,sub-71"
C3,-0.32802266242034317,0.7442116859689055,0.5822040085181545,0.5629451876211335,53,"sub-07,sub-13,sub-14,sub-15,sub-17,sub-18,sub-19,sub-20,sub-21,sub-22,sub-23,sub-24,sub-25,sub-27,sub-28,sub-29,sub-30,sub-31,sub-32,sub-33,sub-34,sub-35,sub-36,sub-37,sub-38,sub-39,sub-41,sub-42,sub-43,sub-45,sub-46,sub-48,sub-49,sub-50,sub-51,sub-52,sub-53,sub-54,sub-55,sub-56,sub-57,sub-59,sub-60,sub-61,sub-62,sub-63,sub-64,sub-65,sub-66,sub-67,sub-68,sub-70,sub-71"
C4,0.653663561403339,0.5161025277283295,1.4622297714006531,0.14947405205408723,55,"sub-07,sub-13,sub-14,sub-15,sub-17,sub-18,sub-19,sub-20,sub-21,sub-22,sub-23,sub-24,sub-25,sub-27,sub-28,sub-29,sub-30,sub-31,sub-32,sub-33,sub-34,sub-35,sub-36,sub-37,sub-38,sub-39,sub-41,sub-42,sub-43,sub-44,sub-45,sub-46,sub-47,sub-48,sub-49,sub-50,sub-51,sub-52,sub-53,sub-54,sub-55,sub-56,sub-57,sub-59,sub-60,sub-61,sub-62,sub-63,sub-64,sub-65,sub-66,sub-67,sub-68,sub-70,sub-71"
C5,0.7888316167932267,0.43372494945332163,-0.045426025157871544,0.9639384654744718,54,"sub-13,sub-14,sub-15,sub-17,sub-18,sub-19,sub-20,sub-21,sub-22,sub-23,sub-24,sub-25,sub-27,sub-28,sub-29,sub-30,sub-31,sub-32,sub-33,sub-34,sub-35,sub-36,sub-37,sub-38,sub-39,sub-41,sub-42,sub-43,sub-44,sub-45,sub-46,sub-47,sub-48,sub-49,sub-50,sub-51,sub-52,sub-53,sub-54,sub-55,sub-56,sub-57,sub-59,sub-60,sub-61,sub-62,sub-63,sub-64,sub-65,sub-66,sub-67,sub-68,sub-70,sub-71"
C6,1.7631930899235204,0.08352571335472772,1.0930092416837158,0.2792419123128614,55,"sub-07,sub-13,sub-14,sub-15,sub-17,sub-18,sub-19,sub-20,sub-21,sub-22,sub-23,sub-24,sub-25,sub-27,sub-28,sub-29,sub-30,sub-31,sub-32,sub-33,sub-34,sub-35,sub-36,sub-37,sub-38,sub-39,sub-41,sub-42,sub-43,sub-44,sub-45,sub-46,sub-47,sub-48,sub-49,sub-50,sub-51,sub-52,sub-53,sub-54,sub-55,sub-56,sub-57,sub-59,sub-60,sub-61,sub-62,sub-63,sub-64,sub-65,sub-66,sub-67,sub-68,sub-70,sub-71"
CP1,-0.09137465278170956,0.9275330246808036,0.15753534632207494,0.8754105439931124,55,"sub-07,sub-13,sub-14,sub-15,sub-17,sub-18,sub-19,sub-20,sub-21,sub-22,sub-23,sub-24,sub-25,sub-27,sub-28,sub-29,sub-30,sub-31,sub-32,sub-33,sub-34,sub-35,sub-36,sub-37,sub-38,sub-39,sub-41,sub-42,sub-43,sub-44,sub-45,sub-46,sub-47,sub-48,sub-49,sub-50,sub-51,sub-52,sub-53,sub-54,sub-55,sub-56,sub-57,sub-59,sub-60,sub-61,sub-62,sub-63,sub-64,sub-65,sub-66,sub-67,sub-68,sub-70,sub-71"
CP2,0.8636257314339278,0.3916133683583425,0.008025845976105327,0.9936259476512858,55,"sub-07,sub-13,sub-14,sub-15,sub-17,sub-18,sub-19,sub-20,sub-21,sub-22,sub-23,sub-24,sub-25,sub-27,sub-28,sub-29,sub-30,sub-31,sub-32,sub-33,sub-34,sub-35,sub-36,sub-37,sub-38,sub-39,sub-41,sub-42,sub-43,sub-44,sub-45,sub-46,sub-47,sub-48,sub-49,sub-50,sub-51,sub-52,sub-53,sub-54,sub-55,sub-56,sub-57,sub-59,sub-60,sub-61,sub-62,sub-63,sub-64,sub-65,sub-66,sub-67,sub-68,sub-70,sub-71"
CP3,0.31514192959255116,0.7538685122433606,0.08731373411249405,0.9307451185063537,55,"sub-07,sub-13,sub-14,sub-15,sub-17,sub-18,sub-19,sub-20,sub-21,sub-22,sub-23,sub-24,sub-25,sub-27,sub-28,sub-29,sub-30,sub-31,sub-32,sub-33,sub-34,sub-35,sub-36,sub-37,sub-38,sub-39,sub-41,sub-42,sub-43,sub-44,sub-45,sub-46,sub-47,sub-48,sub-49,sub-50,sub-51,sub-52,sub-53,sub-54,sub-55,sub-56,sub-57,sub-59,sub-60,sub-61,sub-62,sub-63,sub-64,sub-65,sub-66,sub-67,sub-68,sub-70,sub-71"
CP4,0.10831357895613829,0.9141559742047081,-0.18054787444026796,0.8574110880639717,54,"sub-07,sub-13,sub-14,sub-15,sub-17,sub-18,sub-19,sub-20,sub-21,sub-22,sub-23,sub-24,sub-25,sub-27,sub-28,sub-29,sub-30,sub-31,sub-32,sub-33,sub-34,sub-35,sub-36,sub-37,sub-38,sub-39,sub-41,sub-42,sub-43,sub-45,sub-46,sub-47,sub-48,sub-49,sub-50,sub-51,sub-52,sub-53,sub-54,sub-55,sub-56,sub-57,sub-59,sub-60,sub-61,sub-62,sub-63,sub-64,sub-65,sub-66,sub-67,sub-68,sub-70,sub-71"
CP5,0.44372961554797774,0.659011042230054,1.8530411681656653,0.06934383376653516,55,"sub-07,sub-13,sub-14,sub-15,sub-17,sub-18,sub-19,sub-20,sub-21,sub-22,sub-23,sub-24,sub-25,sub-27,sub-28,sub-29,sub-30,sub-31,sub-32,sub-33,sub-34,sub-35,sub-36,sub-37,sub-38,sub-39,sub-41,sub-42,sub-43,sub-44,sub-45,sub-46,sub-47,sub-48,sub-49,sub-50,sub-51,sub-52,sub-53,sub-54,sub-55,sub-56,sub-57,sub-59,sub-60,sub-61,sub-62,sub-63,sub-64,sub-65,sub-66,sub-67,sub-68,sub-70,sub-71"
CP6,1.331338879183285,0.18867084882539634,1.7170443460945715,0.09170219586708576,55,"sub-07,sub-13,sub-14,sub-15,sub-17,sub-18,sub-19,sub-20,sub-21,sub-22,sub-23,sub-24,sub-25,sub-27,sub-28,sub-29,sub-30,sub-31,sub-32,sub-33,sub-34,sub-35,sub-36,sub-37,sub-38,sub-39,sub-41,sub-42,sub-43,sub-44,sub-45,sub-46,sub-47,sub-48,sub-49,sub-50,sub-51,sub-52,sub-53,sub-54,sub-55,sub-56,sub-57,sub-59,sub-60,sub-61,sub-62,sub-63,sub-64,sub-65,sub-66,sub-67,sub-68,sub-70,sub-71"
CPz,-1.2668595474920659,0.21085045020602045,-1.5934321806034344,0.11712433719306513,53,"sub-13,sub-14,sub-15,sub-17,sub-18,sub-19,sub-20,sub-21,sub-22,sub-23,sub-24,sub-25,sub-27,sub-28,sub-29,sub-30,sub-31,sub-32,sub-33,sub-34,sub-35,sub-36,sub-37,sub-38,sub-39,sub-41,sub-42,sub-43,sub-45,sub-46,sub-47,sub-48,sub-49,sub-50,sub-51,sub-52,sub-53,sub-54,sub-55,sub-56,sub-57,sub-59,sub-60,sub-61,sub-62,sub-63,sub-64,sub-65,sub-66,sub-67,sub-68,sub-70,sub-71"
Cz,-0.23953421608816794,0.8115982528412118,-0.6351683036407318,0.5280010411579693,55,"sub-07,sub-13,sub-14,sub-15,sub-17,sub-18,sub-19,sub-20,sub-21,sub-22,sub-23,sub-24,sub-25,sub-27,sub-28,sub-29,sub-30,sub-31,sub-32,sub-33,sub-34,sub-35,sub-36,sub-37,sub-38,sub-39,sub-41,sub-42,sub-43,sub-44,sub-45,sub-46,sub-47,sub-48,sub-49,sub-50,sub-51,sub-52,sub-53,sub-54,sub-55,sub-56,sub-57,sub-59,sub-60,sub-61,sub-62,sub-63,sub-64,sub-65,sub-66,sub-67,sub-68,sub-70,sub-71"
F1,0.9208878112098675,0.3612048935414448,1.7490320204168952,0.08596762370233056,55,"sub-07,sub-13,sub-14,sub-15,sub-17,sub-18,sub-19,sub-20,sub-21,sub-22,sub-23,sub-24,sub-25,sub-27,sub-28,sub-29,sub-30,sub-31,sub-32,sub-33,sub-34,sub-35,sub-36,sub-37,sub-38,sub-39,sub-41,sub-42,sub-43,sub-44,sub-45,sub-46,sub-47,sub-48,sub-49,sub-50,sub-51,sub-52,sub-53,sub-54,sub-55,sub-56,sub-57,sub-59,sub-60,sub-61,sub-62,sub-63,sub-64,sub-65,sub-66,sub-67,sub-68,sub-70,sub-71"
F2,1.133617089547858,0.261963028071635,2.6411101051401715,0.010784543991487438,55,"sub-07,sub-13,sub-14,sub-15,sub-17,sub-18,sub-19,sub-20,sub-21,sub-22,sub-23,sub-24,sub-25,sub-27,sub-28,sub-29,sub-30,sub-31,sub-32,sub-33,sub-34,sub-35,sub-36,sub-37,sub-38,sub-39,sub-41,sub-42,sub-43,sub-44,sub-45,sub-46,sub-47,sub-48,sub-49,sub-50,sub-51,sub-52,sub-53,sub-54,sub-55,sub-56,sub-57,sub-59,sub-60,sub-61,sub-62,sub-63,sub-64,sub-65,sub-66,sub-67,sub-68,sub-70,sub-71"
F3,0.830721088931801,0.4097891925106404,1.8888240052423115,0.06429093053973106,55,"sub-07,sub-13,sub-14,sub-15,sub-17,sub-18,sub-19,sub-20,sub-21,sub-22,sub-23,sub-24,sub-25,sub-27,sub-28,sub-29,sub-30,sub-31,sub-32,sub-33,sub-34,sub-35,sub-36,sub-37,sub-38,sub-39,sub-41,sub-42,sub-43,sub-44,sub-45,sub-46,sub-47,sub-48,sub-49,sub-50,sub-51,sub-52,sub-53,sub-54,sub-55,sub-56,sub-57,sub-59,sub-60,sub-61,sub-62,sub-63,sub-64,sub-65,sub-66,sub-67,sub-68,sub-70,sub-71"
F4,0.9488767937614837,0.34691066703215845,1.7224508633248803,0.09071131920327609,55,"sub-07,sub-13,sub-14,sub-15,sub-17,sub-18,sub-19,sub-20,sub-21,sub-22,sub-23,sub-24,sub-25,sub-27,sub-28,sub-29,sub-30,sub-31,sub-32,sub-33,sub-34,sub-35,sub-36,sub-37,sub-38,sub-39,sub-41,sub-42,sub-43,sub-44,sub-45,sub-46,sub-47,sub-48,sub-49,sub-50,sub-51,sub-52,sub-53,sub-54,sub-55,sub-56,sub-57,sub-59,sub-60,sub-61,sub-62,sub-63,sub-64,sub-65,sub-66,sub-67,sub-68,sub-70,sub-71"
F5,1.284537361465423,0.20443733306197562,2.051825967089934,0.045048780647315795,55,"sub-07,sub-13,sub-14,sub-15,sub-17,sub-18,sub-19,sub-20,sub-21,sub-22,sub-23,sub-24,sub-25,sub-27,sub-28,sub-29,sub-30,sub-31,sub-32,sub-33,sub-34,sub-35,sub-36,sub-37,sub-38,sub-39,sub-41,sub-42,sub-43,sub-44,sub-45,sub-46,sub-47,sub-48,sub-49,sub-50,sub-51,sub-52,sub-53,sub-54,sub-55,sub-56,sub-57,sub-59,sub-60,sub-61,sub-62,sub-63,sub-64,sub-65,sub-66,sub-67,sub-68,sub-70,sub-71"
F6,0.26954858344887644,0.7885542525769504,1.7582015316798936,0.08448671052143526,54,"sub-07,sub-13,sub-14,sub-15,sub-17,sub-18,sub-19,sub-20,sub-21,sub-22,sub-23,sub-24,sub-25,sub-27,sub-28,sub-29,sub-30,sub-31,sub-32,sub-33,sub-34,sub-35,sub-36,sub-37,sub-38,sub-39,sub-41,sub-42,sub-43,sub-45,sub-46,sub-47,sub-48,sub-49,sub-50,sub-51,sub-52,sub-53,sub-54,sub-55,sub-56,sub-57,sub-59,sub-60,sub-61,sub-62,sub-63,sub-64,sub-65,sub-66,sub-67,sub-68,sub-70,sub-71"
F7,-0.4848346918071681,0.6297915036272883,0.6553430229353698,0.5150815170076686,54,"sub-07,sub-13,sub-14,sub-15,sub-17,sub-18,sub-19,sub-20,sub-21,sub-22,sub-23,sub-24,sub-25,sub-27,sub-28,sub-29,sub-30,sub-31,sub-32,sub-33,sub-34,sub-35,sub-36,sub-37,sub-38,sub-39,sub-41,sub-42,sub-43,sub-44,sub-45,sub-46,sub-47,sub-48,sub-49,sub-50,sub-51,sub-52,sub-53,sub-54,sub-55,sub-56,sub-57,sub-59,sub-60,sub-61,sub-62,sub-63,sub-64,sub-65,sub-66,sub-67,sub-68,sub-71"
F8,1.3902072496712163,0.17016993098474525,1.7937616287447964,0.0784510337451514,55,"sub-07,sub-13,sub-14,sub-15,sub-17,sub-18,sub-19,sub-20,sub-21,sub-22,sub-23,sub-24,sub-25,sub-27,sub-28,sub-29,sub-30,sub-31,sub-32,sub-33,sub-34,sub-35,sub-36,sub-37,sub-38,sub-39,sub-41,sub-42,sub-43,sub-44,sub-45,sub-46,sub-47,sub-48,sub-49,sub-50,sub-51,sub-52,sub-53,sub-54,sub-55,sub-56,sub-57,sub-59,sub-60,sub-61,sub-62,sub-63,sub-64,sub-65,sub-66,sub-67,sub-68,sub-70,sub-71"
FC1,-0.08575221991810378,0.9319927199144593,1.0015594701434667,0.32119443760824223,53,"sub-13,sub-14,sub-15,sub-17,sub-18,sub-19,sub-20,sub-21,sub-22,sub-23,sub-24,sub-25,sub-27,sub-28,sub-29,sub-30,sub-31,sub-32,sub-33,sub-34,sub-35,sub-36,sub-37,sub-38,sub-39,sub-41,sub-42,sub-43,sub-45,sub-46,sub-47,sub-48,sub-49,sub-50,sub-51,sub-52,sub-53,sub-54,sub-55,sub-56,sub-57,sub-59,sub-60,sub-61,sub-62,sub-63,sub-64,sub-65,sub-66,sub-67,sub-68,sub-70,sub-71"
FC2,-0.4668037332429241,0.6426284011809893,0.32166375858772,0.7490221294585151,52,"sub-13,sub-14,sub-15,sub-17,sub-18,sub-19,sub-20,sub-21,sub-22,sub-23,sub-24,sub-25,sub-27,sub-28,sub-29,sub-30,sub-31,sub-32,sub-33,sub-34,sub-35,sub-36,sub-37,sub-38,sub-39,sub-41,sub-42,sub-43,sub-45,sub-46,sub-47,sub-48,sub-50,sub-51,sub-52,sub-53,sub-54,sub-55,sub-56,sub-57,sub-59,sub-60,sub-61,sub-62,sub-63,sub-64,sub-65,sub-66,sub-67,sub-68,sub-70,sub-71"
FC3,0.9409186562996197,0.35093681137263566,1.5724533784134764,0.12168690513622561,55,"sub-07,sub-13,sub-14,sub-15,sub-17,sub-18,sub-19,sub-20,sub-21,sub-22,sub-23,sub-24,sub-25,sub-27,sub-28,sub-29,sub-30,sub-31,sub-32,sub-33,sub-34,sub-35,sub-36,sub-37,sub-38,sub-39,sub-41,sub-42,sub-43,sub-44,sub-45,sub-46,sub-47,sub-48,sub-49,sub-50,sub-51,sub-52,sub-53,sub-54,sub-55,sub-56,sub-57,sub-59,sub-60,sub-61,sub-62,sub-63,sub-64,sub-65,sub-66,sub-67,sub-68,sub-70,sub-71"
FC4,0.6179244988960105,0.5392225568462643,2.3209567588707656,0.024094191517185483,55,"sub-07,sub-13,sub-14,sub-15,sub-17,sub-18,sub-19,sub-20,sub-21,sub-22,sub-23,sub-24,sub-25,sub-27,sub-28,sub-29,sub-30,sub-31,sub-32,sub-33,sub-34,sub-35,sub-36,sub-37,sub-38,sub-39,sub-41,sub-42,sub-43,sub-44,sub-45,sub-46,sub-47,sub-48,sub-49,sub-50,sub-51,sub-52,sub-53,sub-54,sub-55,sub-56,sub-57,sub-59,sub-60,sub-61,sub-62,sub-63,sub-64,sub-65,sub-66,sub-67,sub-68,sub-70,sub-71"
FC5,1.1280557086182532,0.2642835252089705,1.239611877534904,0.22047926084799307,55,"sub-07,sub-13,sub-14,sub-15,sub-17,sub-18,sub-19,sub-20,sub-21,sub-22,sub-23,sub-24,sub-25,sub-27,sub-28,sub-29,sub-30,sub-31,sub-32,sub-33,sub-34,sub-35,sub-36,sub-37,sub-38,sub-39,sub-41,sub-42,sub-43,sub-44,sub-45,sub-46,sub-47,sub-48,sub-49,sub-50,sub-51,sub-52,sub-53,sub-54,sub-55,sub-56,sub-57,sub-59,sub-60,sub-61,sub-62,sub-63,sub-64,sub-65,sub-66,sub-67,sub-68,sub-70,sub-71"
FC6,0.6408499409625333,0.5243306490227242,1.1730645760409921,0.2459184939763403,55,"sub-07,sub-13,sub-14,sub-15,sub-17,sub-18,sub-19,sub-20,sub-21,sub-22,sub-23,sub-24,sub-25,sub-27,sub-28,sub-29,sub-30,sub-31,sub-32,sub-33,sub-34,sub-35,sub-36,sub-37,sub-38,sub-39,sub-41,sub-42,sub-43,sub-44,sub-45,sub-46,sub-47,sub-48,sub-49,sub-50,sub-51,sub-52,sub-53,sub-54,sub-55,sub-56,sub-57,sub-59,sub-60,sub-61,sub-62,sub-63,sub-64,sub-65,sub-66,sub-67,sub-68,sub-70,sub-71"
FT7,0.5694101518581399,0.5714389583668293,1.5305550658612421,0.1317170283238736,55,"sub-07,sub-13,sub-14,sub-15,sub-17,sub-18,sub-19,sub-20,sub-21,sub-22,sub-23,sub-24,sub-25,sub-27,sub-28,sub-29,sub-30,sub-31,sub-32,sub-33,sub-34,sub-35,sub-36,sub-37,sub-38,sub-39,sub-41,sub-42,sub-43,sub-44,sub-45,sub-46,sub-47,sub-48,sub-49,sub-50,sub-51,sub-52,sub-53,sub-54,sub-55,sub-56,sub-57,sub-59,sub-60,sub-61,sub-62,sub-63,sub-64,sub-65,sub-66,sub-67,sub-68,sub-70,sub-71"
FT8,0.8961316631498086,0.3741600268799232,1.42398413401403,0.16020415808076746,55,"sub-07,sub-13,sub-14,sub-15,sub-17,sub-18,sub-19,sub-20,sub-21,sub-22,sub-23,sub-24,sub-25,sub-27,sub-28,sub-29,sub-30,sub-31,sub-32,sub-33,sub-34,sub-35,sub-36,sub-37,sub-38,sub-39,sub-41,sub-42,sub-43,sub-44,sub-45,sub-46,sub-47,sub-48,sub-49,sub-50,sub-51,sub-52,sub-53,sub-54,sub-55,sub-56,sub-57,sub-59,sub-60,sub-61,sub-62,sub-63,sub-64,sub-65,sub-66,sub-67,sub-68,sub-70,sub-71"
Fp1,1.7723171989551865,0.08198316297760605,2.267922368478414,0.02735754954984235,55,"sub-07,sub-13,sub-14,sub-15,sub-17,sub-18,sub-19,sub-20,sub-21,sub-22,sub-23,sub-24,sub-25,sub-27,sub-28,sub-29,sub-30,sub-31,sub-32,sub-33,sub-34,sub-35,sub-36,sub-37,sub-38,sub-39,sub-41,sub-42,sub-43,sub-44,sub-45,sub-46,sub-47,sub-48,sub-49,sub-50,sub-51,sub-52,sub-53,sub-54,sub-55,sub-56,sub-57,sub-59,sub-60,sub-61,sub-62,sub-63,sub-64,sub-65,sub-66,sub-67,sub-68,sub-70,sub-71"
Fp2,0.9642269508142595,0.3393112310904195,1.5614405908596216,0.12437175558700389,54,"sub-07,sub-13,sub-14,sub-15,sub-17,sub-18,sub-19,sub-20,sub-21,sub-22,sub-23,sub-24,sub-25,sub-27,sub-28,sub-29,sub-30,sub-31,sub-32,sub-33,sub-34,sub-35,sub-36,sub-37,sub-38,sub-39,sub-41,sub-42,sub-43,sub-44,sub-45,sub-46,sub-47,sub-48,sub-50,sub-51,sub-52,sub-53,sub-54,sub-55,sub-56,sub-57,sub-59,sub-60,sub-61,sub-62,sub-63,sub-64,sub-65,sub-66,sub-67,sub-68,sub-70,sub-71"
Fpz,0.2426722076565674,0.8091787207922978,1.2569714240436858,0.21417378189951852,55,"sub-07,sub-13,sub-14,sub-15,sub-17,sub-18,sub-19,sub-20,sub-21,sub-22,sub-23,sub-24,sub-25,sub-27,sub-28,sub-29,sub-30,sub-31,sub-32,sub-33,sub-34,sub-35,sub-36,sub-37,sub-38,sub-39,sub-41,sub-42,sub-43,sub-44,sub-45,sub-46,sub-47,sub-48,sub-49,sub-50,sub-51,sub-52,sub-53,sub-54,sub-55,sub-56,sub-57,sub-59,sub-60,sub-61,sub-62,sub-63,sub-64,sub-65,sub-66,sub-67,sub-68,sub-70,sub-71"
Fz,-1.3272677686106902,0.19033144851170508,0.03792226264606352,0.9698977178335515,52,"sub-07,sub-13,sub-14,sub-15,sub-17,sub-18,sub-19,sub-20,sub-21,sub-22,sub-23,sub-24,sub-25,sub-27,sub-28,sub-29,sub-30,sub-31,sub-32,sub-33,sub-34,sub-35,sub-36,sub-37,sub-38,sub-39,sub-41,sub-42,sub-43,sub-45,sub-46,sub-47,sub-48,sub-50,sub-51,sub-52,sub-53,sub-54,sub-55,sub-56,sub-57,sub-59,sub-60,sub-61,sub-62,sub-63,sub-64,sub-65,sub-66,sub-67,sub-68,sub-71"
O1,0.04422199421336073,0.96489364440082,0.5441016803559872,0.5886533018400666,54,"sub-13,sub-14,sub-15,sub-17,sub-18,sub-19,sub-20,sub-21,sub-22,sub-23,sub-24,sub-25,sub-27,sub-28,sub-29,sub-30,sub-31,sub-32,sub-33,sub-34,sub-35,sub-36,sub-37,sub-38,sub-39,sub-41,sub-42,sub-43,sub-44,sub-45,sub-46,sub-47,sub-48,sub-49,sub-50,sub-51,sub-52,sub-53,sub-54,sub-55,sub-56,sub-57,sub-59,sub-60,sub-61,sub-62,sub-63,sub-64,sub-65,sub-66,sub-67,sub-68,sub-70,sub-71"
O2,1.9379845476552704,0.05786109054997866,1.9213612925747536,0.059970982726481485,55,"sub-07,sub-13,sub-14,sub-15,sub-17,sub-18,sub-19,sub-20,sub-21,sub-22,sub-23,sub-24,sub-25,sub-27,sub-28,sub-29,sub-30,sub-31,sub-32,sub-33,sub-34,sub-35,sub-36,sub-37,sub-38,sub-39,sub-41,sub-42,sub-43,sub-44,sub-45,sub-46,sub-47,sub-48,sub-49,sub-50,sub-51,sub-52,sub-53,sub-54,sub-55,sub-56,sub-57,sub-59,sub-60,sub-61,sub-62,sub-63,sub-64,sub-65,sub-66,sub-67,sub-68,sub-70,sub-71"
Oz,1.3987642116374808,0.16760112615673065,2.3601719888594284,0.02190907927581687,55,"sub-07,sub-13,sub-14,sub-15,sub-17,sub-18,sub-19,sub-20,sub-21,sub-22,sub-23,sub-24,sub-25,sub-27,sub-28,sub-29,sub-30,sub-31,sub-32,sub-33,sub-34,sub-35,sub-36,sub-37,sub-38,sub-39,sub-41,sub-42,sub-43,sub-44,sub-45,sub-46,sub-47,sub-48,sub-49,sub-50,sub-51,sub-52,sub-53,sub-54,sub-55,sub-56,sub-57,sub-59,sub-60,sub-61,sub-62,sub-63,sub-64,sub-65,sub-66,sub-67,sub-68,sub-70,sub-71"
P1,-0.38505449034507305,0.70170955950885,0.09123506403512392,0.9276434163537954,55,"sub-07,sub-13,sub-14,sub-15,sub-17,sub-18,sub-19,sub-20,sub-21,sub-22,sub-23,sub-24,sub-25,sub-27,sub-28,sub-29,sub-30,sub-31,sub-32,sub-33,sub-34,sub-35,sub-36,sub-37,sub-38,sub-39,sub-41,sub-42,sub-43,sub-44,sub-45,sub-46,sub-47,sub-48,sub-49,sub-50,sub-51,sub-52,sub-53,sub-54,sub-55,sub-56,sub-57,sub-59,sub-60,sub-61,sub-62,sub-63,sub-64,sub-65,sub-66,sub-67,sub-68,sub-70,sub-71"
P2,-0.7765036256330528,0.4408397611704562,0.04690698780435557,0.9627604079109685,55,"sub-07,sub-13,sub-14,sub-15,sub-17,sub-18,sub-19,sub-20,sub-21,sub-22,sub-23,sub-24,sub-25,sub-27,sub-28,sub-29,sub-30,sub-31,sub-32,sub-33,sub-34,sub-35,sub-36,sub-37,sub-38,sub-39,sub-41,sub-42,sub-43,sub-44,sub-45,sub-46,sub-47,sub-48,sub-49,sub-50,sub-51,sub-52,sub-53,sub-54,sub-55,sub-56,sub-57,sub-59,sub-60,sub-61,sub-62,sub-63,sub-64,sub-65,sub-66,sub-67,sub-68,sub-70,sub-71"
P3,-0.19898117590079892,0.8430247889405953,0.6424959301601602,0.5232698402576181,55,"sub-07,sub-13,sub-14,sub-15,sub-17,sub-18,sub-19,sub-20,sub-21,sub-22,sub-23,sub-24,sub-25,sub-27,sub-28,sub-29,sub-30,sub-31,sub-32,sub-33,sub-34,sub-35,sub-36,sub-37,sub-38,sub-39,sub-41,sub-42,sub-43,sub-44,sub-45,sub-46,sub-47,sub-48,sub-49,sub-50,sub-51,sub-52,sub-53,sub-54,sub-55,sub-56,sub-57,sub-59,sub-60,sub-61,sub-62,sub-63,sub-64,sub-65,sub-66,sub-67,sub-68,sub-70,sub-71"
P4,-0.18493685019866393,0.8539714093766939,1.2702808892846327,0.2094306881202203,55,"sub-07,sub-13,sub-14,sub-15,sub-17,sub-18,sub-19,sub-20,sub-21,sub-22,sub-23,sub-24,sub-25,sub-27,sub-28,sub-29,sub-30,sub-31,sub-32,sub-33,sub-34,sub-35,sub-36,sub-37,sub-38,sub-39,sub-41,sub-42,sub-43,sub-44,sub-45,sub-46,sub-47,sub-48,sub-49,sub-50,sub-51,sub-52,sub-53,sub-54,sub-55,sub-56,sub-57,sub-59,sub-60,sub-61,sub-62,sub-63,sub-64,sub-65,sub-66,sub-67,sub-68,sub-70,sub-71"
P5,0.45508620980436887,0.650871681726434,1.0379401446618373,0.3039233976614086,55,"sub-07,sub-13,sub-14,sub-15,sub-17,sub-18,sub-19,sub-20,sub-21,sub-22,sub-23,sub-24,sub-25,sub-27,sub-28,sub-29,sub-30,sub-31,sub-32,sub-33,sub-34,sub-35,sub-36,sub-37,sub-38,sub-39,sub-41,sub-42,sub-43,sub-44,sub-45,sub-46,sub-47,sub-48,sub-49,sub-50,sub-51,sub-52,sub-53,sub-54,sub-55,sub-56,sub-57,sub-59,sub-60,sub-61,sub-62,sub-63,sub-64,sub-65,sub-66,sub-67,sub-68,sub-70,sub-71"
P6,0.4917088176189723,0.6249180845836393,0.49080220651043505,0.6255550186322549,55,"sub-07,sub-13,sub-14,sub-15,sub-17,sub-18,sub-19,sub-20,sub-21,sub-22,sub-23,sub-24,sub-25,sub-27,sub-28,sub-29,sub-30,sub-31,sub-32,sub-33,sub-34,sub-35,sub-36,sub-37,sub-38,sub-39,sub-41,sub-42,sub-43,sub-44,sub-45,sub-46,sub-47,sub-48,sub-49,sub-50,sub-51,sub-52,sub-53,sub-54,sub-55,sub-56,sub-57,sub-59,sub-60,sub-61,sub-62,sub-63,sub-64,sub-65,sub-66,sub-67,sub-68,sub-70,sub-71"
P7,0.8180137736666875,0.4169443361643329,0.4996482104012348,0.6193526541566969,55,"sub-07,sub-13,sub-14,sub-15,sub-17,sub-18,sub-19,sub-20,sub-21,sub-22,sub-23,sub-24,sub-25,sub-27,sub-28,sub-29,sub-30,sub-31,sub-32,sub-33,sub-34,sub-35,sub-36,sub-37,sub-38,sub-39,sub-41,sub-42,sub-43,sub-44,sub-45,sub-46,sub-47,sub-48,sub-49,sub-50,sub-51,sub-52,sub-53,sub-54,sub-55,sub-56,sub-57,sub-59,sub-60,sub-61,sub-62,sub-63,sub-64,sub-65,sub-66,sub-67,sub-68,sub-70,sub-71"
P8,1.0184159630050844,0.31310683589512195,1.1662107597988172,0.24875035246421529,54,"sub-07,sub-13,sub-14,sub-15,sub-17,sub-18,sub-19,sub-20,sub-21,sub-22,sub-23,sub-24,sub-25,sub-27,sub-28,sub-29,sub-30,sub-31,sub-32,sub-33,sub-34,sub-35,sub-36,sub-37,sub-38,sub-39,sub-41,sub-42,sub-43,sub-45,sub-46,sub-47,sub-48,sub-49,sub-50,sub-51,sub-52,sub-53,sub-54,sub-55,sub-56,sub-57,sub-59,sub-60,sub-61,sub-62,sub-63,sub-64,sub-65,sub-66,sub-67,sub-68,sub-70,sub-71"
PO3,1.5829169335503186,0.11928024854525889,1.5486475506571677,0.12730778135349977,55,"sub-07,sub-13,sub-14,sub-15,sub-17,sub-18,sub-19,sub-20,sub-21,sub-22,sub-23,sub-24,sub-25,sub-27,sub-28,sub-29,sub-30,sub-31,sub-32,sub-33,sub-34,sub-35,sub-36,sub-37,sub-38,sub-39,sub-41,sub-42,sub-43,sub-44,sub-45,sub-46,sub-47,sub-48,sub-49,sub-50,sub-51,sub-52,sub-53,sub-54,sub-55,sub-56,sub-57,sub-59,sub-60,sub-61,sub-62,sub-63,sub-64,sub-65,sub-66,sub-67,sub-68,sub-70,sub-71"
PO4,1.7693518022797852,0.08248187634949082,2.08766836478297,0.041560206907258625,55,"sub-07,sub-13,sub-14,sub-15,sub-17,sub-18,sub-19,sub-20,sub-21,sub-22,sub-23,sub-24,sub-25,sub-27,sub-28,sub-29,sub-30,sub-31,sub-32,sub-33,sub-34,sub-35,sub-36,sub-37,sub-38,sub-39,sub-41,sub-42,sub-43,sub-44,sub-45,sub-46,sub-47,sub-48,sub-49,sub-50,sub-51,sub-52,sub-53,sub-54,sub-55,sub-56,sub-57,sub-59,sub-60,sub-61,sub-62,sub-63,sub-64,sub-65,sub-66,sub-67,sub-68,sub-70,sub-71"
PO7,0.2438830974074985,0.8082455703626332,0.36111590344015887,0.7194218070439714,55,"sub-07,sub-13,sub-14,sub-15,sub-17,sub-18,sub-19,sub-20,sub-21,sub-22,sub-23,sub-24,sub-25,sub-27,sub-28,sub-29,sub-30,sub-31,sub-32,sub-33,sub-34,sub-35,sub-36,sub-37,sub-38,sub-39,sub-41,sub-42,sub-43,sub-44,sub-45,sub-46,sub-47,sub-48,sub-49,sub-50,sub-51,sub-52,sub-53,sub-54,sub-55,sub-56,sub-57,sub-59,sub-60,sub-61,sub-62,sub-63,sub-64,sub-65,sub-66,sub-67,sub-68,sub-70,sub-71"
PO8,0.6726355034724855,0.5040474772489809,2.6322169925382863,0.011037270602236228,55,"sub-07,sub-13,sub-14,sub-15,sub-17,sub-18,sub-19,sub-20,sub-21,sub-22,sub-23,sub-24,sub-25,sub-27,sub-28,sub-29,sub-30,sub-31,sub-32,sub-33,sub-34,sub-35,sub-36,sub-37,sub-38,sub-39,sub-41,sub-42,sub-43,sub-44,sub-45,sub-46,sub-47,sub-48,sub-49,sub-50,sub-51,sub-52,sub-53,sub-54,sub-55,sub-56,sub-57,sub-59,sub-60,sub-61,sub-62,sub-63,sub-64,sub-65,sub-66,sub-67,sub-68,sub-70,sub-71"
POz,0.011274561994035707,0.9910467249065029,1.1448062595660031,0.25743303701383713,54,"sub-07,sub-13,sub-14,sub-15,sub-17,sub-18,sub-19,sub-20,sub-21,sub-22,sub-23,sub-24,sub-25,sub-27,sub-28,sub-29,sub-30,sub-31,sub-32,sub-33,sub-34,sub-35,sub-36,sub-37,sub-38,sub-39,sub-41,sub-42,sub-43,sub-45,sub-46,sub-47,sub-48,sub-49,sub-50,sub-51,sub-52,sub-53,sub-54,sub-55,sub-56,sub-57,sub-59,sub-60,sub-61,sub-62,sub-63,sub-64,sub-65,sub-66,sub-67,sub-68,sub-70,sub-71"
Pz,-0.24331262522035169,0.8086851596594562,-0.5097786874975625,0.6122837671130336,55,"sub-07,sub-13,sub-14,sub-15,sub-17,sub-18,sub-19,sub-20,sub-21,sub-22,sub-23,sub-24,sub-25,sub-27,sub-28,sub-29,sub-30,sub-31,sub-32,sub-33,sub-34,sub-35,sub-36,sub-37,sub-38,sub-39,sub-41,sub-42,sub-43,sub-44,sub-45,sub-46,sub-47,sub-48,sub-49,sub-50,sub-51,sub-52,sub-53,sub-54,sub-55,sub-56,sub-57,sub-59,sub-60,sub-61,sub-62,sub-63,sub-64,sub-65,sub-66,sub-67,sub-68,sub-70,sub-71"
T7,1.3286690868417501,0.18975855311572631,1.2187324171852822,0.22844597208851053,53,"sub-13,sub-14,sub-15,sub-17,sub-18,sub-19,sub-20,sub-21,sub-22,sub-23,sub-24,sub-25,sub-27,sub-28,sub-29,sub-30,sub-31,sub-32,sub-33,sub-34,sub-35,sub-36,sub-37,sub-38,sub-39,sub-41,sub-42,sub-43,sub-44,sub-45,sub-46,sub-47,sub-48,sub-49,sub-50,sub-51,sub-52,sub-53,sub-54,sub-55,sub-56,sub-57,sub-59,sub-60,sub-61,sub-62,sub-63,sub-64,sub-65,sub-66,sub-67,sub-68,sub-71"
T8,0.21595156814539473,0.8298544817622233,1.1019241696377298,0.2754736159536546,54,"sub-07,sub-13,sub-14,sub-15,sub-17,sub-18,sub-19,sub-20,sub-21,sub-22,sub-23,sub-24,sub-25,sub-27,sub-28,sub-29,sub-30,sub-31,sub-32,sub-33,sub-34,sub-35,sub-36,sub-37,sub-38,sub-39,sub-41,sub-42,sub-43,sub-44,sub-45,sub-46,sub-47,sub-48,sub-50,sub-51,sub-52,sub-53,sub-54,sub-55,sub-56,sub-57,sub-59,sub-60,sub-61,sub-62,sub-63,sub-64,sub-65,sub-66,sub-67,sub-68,sub-70,sub-71"
TP10,-0.6183726790518401,0.5389782378224545,1.2263545679200394,0.225485978755703,54,"sub-13,sub-14,sub-15,sub-17,sub-18,sub-19,sub-20,sub-21,sub-22,sub-23,sub-24,sub-25,sub-27,sub-28,sub-29,sub-30,sub-31,sub-32,sub-33,sub-34,sub-35,sub-36,sub-37,sub-38,sub-39,sub-41,sub-42,sub-43,sub-44,sub-45,sub-46,sub-47,sub-48,sub-49,sub-50,sub-51,sub-52,sub-53,sub-54,sub-55,sub-56,sub-57,sub-59,sub-60,sub-61,sub-62,sub-63,sub-64,sub-65,sub-66,sub-67,sub-68,sub-70,sub-71"
TP7,0.8355688856877327,0.407079423014693,0.5647067281390938,0.574611712392938,55,"sub-07,sub-13,sub-14,sub-15,sub-17,sub-18,sub-19,sub-20,sub-21,sub-22,sub-23,sub-24,sub-25,sub-27,sub-28,sub-29,sub-30,sub-31,sub-32,sub-33,sub-34,sub-35,sub-36,sub-37,sub-38,sub-39,sub-41,sub-42,sub-43,sub-44,sub-45,sub-46,sub-47,sub-48,sub-49,sub-50,sub-51,sub-52,sub-53,sub-54,sub-55,sub-56,sub-57,sub-59,sub-60,sub-61,sub-62,sub-63,sub-64,sub-65,sub-66,sub-67,sub-68,sub-70,sub-71"
TP8,1.0672438490342968,0.2906099442055121,1.528664923927229,0.13218460350044606,55,"sub-07,sub-13,sub-14,sub-15,sub-17,sub-18,sub-19,sub-20,sub-21,sub-22,sub-23,sub-24,sub-25,sub-27,sub-28,sub-29,sub-30,sub-31,sub-32,sub-33,sub-34,sub-35,sub-36,sub-37,sub-38,sub-39,sub-41,sub-42,sub-43,sub-44,sub-45,sub-46,sub-47,sub-48,sub-49,sub-50,sub-51,sub-52,sub-53,sub-54,sub-55,sub-56,sub-57,sub-59,sub-60,sub-61,sub-62,sub-63,sub-64,sub-65,sub-66,sub-67,sub-68,sub-70,sub-71"
TP9,1.3548095737182257,0.1811194389921211,1.4297409636786225,0.1585517798637119,55,"sub-07,sub-13,sub-14,sub-15,sub-17,sub-18,sub-19,sub-20,sub-21,sub-22,sub-23,sub-24,sub-25,sub-27,sub-28,sub-29,sub-30,sub-31,sub-32,sub-33,sub-34,sub-35,sub-36,sub-37,sub-38,sub-39,sub-41,sub-42,sub-43,sub-44,sub-45,sub-46,sub-47,sub-48,sub-49,sub-50,sub-51,sub-52,sub-53,sub-54,sub-55,sub-56,sub-57,sub-59,sub-60,sub-61,sub-62,sub-63,sub-64,sub-65,sub-66,sub-67,sub-68,sub-70,sub-71"
